source,author,title,description,url,urlToImage,publishedAt,content
"{'id': 'the-next-web', 'name': 'The Next Web'}",Siôn Geschwindt,UK forges new radiation-resistant steel in step forward for fusion energy startups,"Scientists in the UK have forged 5.5 tonnes of a new kind of steel capable of withstanding the searing heat and intense neutron radiation of nuclear fusion, the same reaction that powers the Sun and stars. The breakthrough is another boost to Europe’s growing…",https://thenextweb.com/news/uk-forges-new-radiation-resistant-steel-in-step-forward-for-fusion-energy-startups,https://img-cdn.tnwcdn.com/image/tnw-blurple?filter_last=1&fit=1280%2C640&url=https%3A%2F%2Fcdn0.tnwcdn.com%2Fwp-content%2Fblogs.dir%2F1%2Ffiles%2F2025%2F01%2Ffusion-grade-steel-energy-startups-1.jpg&signature=356d75d290832add7ed531aa0c26a4fd,2025-01-10T19:50:08Z,"Scientists in the UK have forged 5.5 tonnes of a new kind of steel capable of withstanding the searing heat and intense neutron radiation of nuclear fusion, the same reaction that powers the Sun and … [+3005 chars]"
"{'id': None, 'name': 'Popular Mechanics'}",Darren Orf,"A New Method of Nuclear Fusion Is the Key to Revealing Alien Worlds, Scientists Say","If advanced civilizations are out there, here’s the breakthrough strategy that could bring them to light.",https://www.popularmechanics.com/space/deep-space/a63228752/fusion-energy-aliens/,https://s.yimg.com/ny/api/res/1.2/BL3fMoTTqmOlW_77qvrW3g--/YXBwaWQ9aGlnaGxhbmRlcjt3PTEyMDA7aD02NzU-/https://media.zenfs.com/en/popular_mechanics_642/4e572c6976875f85534b450ccc36cb00,2024-12-20T15:21:00Z,"<ul><li>If fusion energy is a must-have for advanced civilizations, evidence of its use could help us find aliens.
</li><li>A new study led by the University of Washington analyzes how deuterium-deu… [+3384 chars]"
"{'id': None, 'name': 'Interesting Engineering'}",Ameya Paleja,China nuclear fusion discovery finds mysterious energy boost to power up plasma,Researchers in China have used a novel approach to explain the presence of supra-thermal ions in nuclear fusion reactions.,https://interestingengineering.com/science/burning-plasma-physics-unlocked-simulation,https://media.zenfs.com/en/interesting_engineering_646/4580e2d62547cce3ac7fd7293023abc0,2024-12-31T13:00:22Z,"Yahoo is using AI to generate takeaways from this article. This means the info may not always match what's in the article. Reporting mistakes helps us improve the experience.Generate Key Takeaways
A… [+3848 chars]"
"{'id': None, 'name': 'Singularity Hub'}",Farhat Beg and George R. Tynan,Here’s What It Will Take to Ignite Scalable Fusion Power,"There's a growing sense that developing practical fusion energy is no longer an if but a when.
The post Here’s What It Will Take to Ignite Scalable Fusion Power appeared first on SingularityHub.",https://singularityhub.com/2025/01/14/heres-what-it-will-take-to-ignite-scalable-fusion-power/,https://singularityhub.com/uploads/2025/01/lasers-fuel-fusion-power.jpeg?auto=webp,2025-01-14T22:19:28Z,"The way scientists think about fusion changed forever in 2022, when what some called the experiment of the century demonstrated for the first time that fusion can be a viable source of clean energy.… [+6585 chars]"
"{'id': None, 'name': 'Yahoo Entertainment'}",,US firm developing breakthrough fusion energy generators gets funding boost,,https://consent.yahoo.com/v2/collectConsent?sessionId=1_cc-session_9705b6fc-0311-4a79-9a2c-c469cb83cab1,,2024-12-22T14:57:57Z,"If you click 'Accept all', we and our partners, including 238 who are part of the IAB Transparency &amp; Consent Framework, will also store and/or access information on a device (in other words, use … [+678 chars]"
"{'id': None, 'name': 'Scientific American'}",Ben Guarino,Will the World's First Nuclear Fusion Power Plant Be Built in Virginia? Here's Why We're Skeptical,"The fusion power plant would go live in the next decade and produce 400 megawatts of electricity, says Commonwealth Fusion Systems",https://www.scientificamerican.com/article/will-the-worlds-first-nuclear-fusion-power-plant-be-built-in-virginia-heres/,https://static.scientificamerican.com/dam/m/5dae46956065292f/original/Commonwealth-Fusion-Systems-power-plant.jpg?m=1734553074.282&w=1200,2024-12-18T20:30:00Z,"Commonwealth Fusion Systems (CFS), a company with origins at the Massachusetts Institute of Technology, says it will build the world’s first fusion power plant in an industrial park near Richmond, Va… [+4372 chars]"
"{'id': None, 'name': 'Screen Rant'}",Christian Hoffer,Black Kyurem & White Kyurem Confirmed For Pokémon GO For The First Time As Part Of GO Tour: Unova,Pokémon GO is adding Black Kyurem and White Kyurem to the game as part of the upcoming Pokémon GO Tour: Unova event later this year.,https://screenrant.com/pokemon-go-black-white-kyurem-event/,https://static1.srcdn.com/wordpress/wp-content/uploads/2025/01/black-and-white-kyurem.jpg,2025-01-08T18:00:17Z,"Black Kyurem and White Kyurem are coming to Pokémon GO as part of Pokémon GO Tour: Unova. Next month, Pokémon GO will launch its fifth Pokémon GO Tour event, this time focused on Pokémon from the Uno… [+2728 chars]"
"{'id': None, 'name': 'Gizmodo.com'}",Martín Nicolás Parolari,Corea impulsa su «sol artificial»: ¿Qué se esconde detrás de este avance revolucionario?,La tecnología detrás de este avance ha batido récords y ofrece una esperanza tangible para enfrentar los desafíos del cambio climático y la dependencia de combustibles fósiles.,https://es.gizmodo.com/corea-impulsa-su-sol-artificial-que-se-esconde-detras-de-este-avance-revolucionario-2000142484,https://es.gizmodo.com/app/uploads/2025/01/Diseno-sin-titulo-44-2.jpg,2025-01-06T14:04:58Z,"Corea del Sur ha alcanzado un hito impresionante en el campo de la energía de fusión nuclear. Con su «sol artificial», conocido como KSTAR, el país ha logrado temperaturas extremas de 120.000.000 ºC,… [+3220 chars]"
"{'id': None, 'name': 'Theskepticsguide.org'}",,The Skeptics Guide #1017 - Jan 4 2025,"Psychic Predictions 2024; News Items: Space Exploration in 2025, Emerging Diseases, Dark Energy May Not Exist, Bigfoot Deaths; Who's That Noisy; Your Questions and E-mails: Fusion Energy, In Memoriam Addendum; Science or Fiction",https://www.theskepticsguide.org/podcasts/episode-1017,https://www.theskepticsguide.org/wp-content/uploads/2018/12/SGU18-Website-2.png,2025-01-04T14:00:00Z,"Psychic Predictions 2024News Items: Space Exploration in 2025, Emerging Diseases, Dark Energy May Not Exist, Bigfoot DeathsWho's That NoisyYour Questions and E-mails: Fusion Energy, In Memoriam Adden… [+20 chars]"
"{'id': None, 'name': 'The Conversation Africa'}","George R. Tynan, Professor of Mechanical and Aerospace Engineering, University of California, San Diego, Farhat Beg, Professor of Mechanical and Aerospace Engineering, University of California, San Diego",Nuclear fusion could one day be a viable clean energy source – but big engineering challenges stand in the way,"Even once researchers can reliably get more power out of a fusion reaction than they put in, they’ll still need to overcome engineering challenges to scale up fusion energy.",https://theconversation.com/nuclear-fusion-could-one-day-be-a-viable-clean-energy-source-but-big-engineering-challenges-stand-in-the-way-237544,https://images.theconversation.com/files/629351/original/file-20241031-17-w6o7tp.jpg?ixlib=rb-4.1.0&rect=14%2C829%2C3280%2C1640&q=45&auto=format&w=1356&h=668&fit=crop,2025-01-08T13:22:01Z,"Inside the target chamber at the National Ignition Facility, where researchers work on getting higher energy outputs from fusion power. Lawrence Livermore National Laboratory, Lawrence Livermore Nati… [+7481 chars]"
"{'id': None, 'name': 'Siliconera'}",Jenni Lada,Black Kyurem and White Kyurem Joining Pokemon GO,"Niantic and The Pokemon Company International announced we will be able to catch Black Kyurem and White Kyurem in Pokemon GO. While everyone will eventually get a chance to catch them as part of the Global Unova tour between March 1-2, 2025, they will first a…",https://www.siliconera.com/black-kyurem-and-white-kyurem-joining-pokemon-go/,https://www.siliconera.com/wp-content/uploads/2025/01/black-kyurem-and-white-kyurem-joining-pokemon-go-1.jpg,2025-01-08T18:05:00Z,Niantic and The Pokemon Company International announced we will be able to catch Black Kyurem and White Kyurem in Pokemon GO. While everyone will eventually get a chance to catch them as part of the … [+2685 chars]
"{'id': None, 'name': 'Livemint'}",mint,"We need energy for AI, and AI for energy","The evolution of AI requires substantial energy, with projections indicating a rise in electricity usage. To support this growth, the US must enhance its energy infrastructure, explore nuclear and fusion energy, and foster international partnerships for susta…",https://www.livemint.com/opinion/we-need-energy-for-ai-and-ai-for-energy-11735644505199.html,https://www.livemint.com/lm-img/img/2024/12/31/1600x900/2024-12-17T060900Z_2014894174_RC23V3ALYZDO_RTRMADP_1735644721913_1735644722535.JPG,2024-12-31T11:39:47Z,"In 1903, Mark Twain wrote that It takes a thousand men to invent a telegraph, or a steam engine, or a phonograph, or a photograph, or a telephone or any other important thing."" This observation still… [+7309 chars]"
"{'id': None, 'name': 'Space Daily'}",,Nuclear fusion could one day be viable - but major challenges remain,"San Diego CA (SPX) Jan 10, 2025

The way scientists think about fusion changed forever in 2022, when what some called the experiment of the century demonstrated for the first time that fusion can be a viable source of clean energy. 

The experiment, at Lawren…",https://www.spacedaily.com/reports/Nuclear_fusion_could_one_day_be_viable_but_major_challenges_remain_999.html,https://www.spxdaily.com/images-hg/central-core-large-laser-based-inertial-confinement-fusion-research-device-national-ignition-facility-usa-hg.jpg,2025-01-11T10:18:57Z,"Nuclear fusion could one day be viable - but major challenges remainby George R. Tynan and Farhat Beg | Professors Mechanical and Aerospace Engineering, UCSDSan Diego CA (SPX) Jan 10, 2025
The way s… [+6561 chars]"
"{'id': None, 'name': 'The Week Magazine'}","theweek@futurenet.com (Justin Klawans, The Week US)",Cautious optimism surrounds plans for the world's first nuclear fusion power plant,Some in the industry feel that the plant will face many challenges,https://theweek.com/science/world-first-fusion-power-plant,https://cdn.mos.cms.futurecdn.net/LmzAEgNZbMrvun5L2zjGH4-1200-80.jpg,2024-12-26T09:04:00Z,"While nuclear power plants have become ubiquitous, they all operate using nuclear fission — but one energy startup has plans to change this. Commonwealth Fusion Systems (CFS), a spinoff branch of the… [+4439 chars]"
"{'id': None, 'name': 'Theness.com'}",Steven Novella,Plan To Build First Commercial Fusion Reactor,"How close are we to having fusion reactors actually sending electric power to the grid? This is a huge and complicated question, and one with massive implications for our civilization. I think we are still at the point where we cannot count on fusion reactors…",https://theness.com/neurologicablog/plan-to-build-first-commercial-fusion-reactor/,https://theness.com/neurologicablog/wp-content/uploads/sites/3/2025/01/ARC-Reactor.jpg,2025-01-06T15:02:21Z,"How close are we to having fusion reactors actually sending electric power to the grid? This is a huge and complicated question, and one with massive implications for our civilization. I think we are… [+7217 chars]"
"{'id': None, 'name': 'Forbes'}","Marshall Shepherd, Senior Contributor, 
 Marshall Shepherd, Senior Contributor
 https://www.forbes.com/sites/marshallshepherd/",Jimmy Carter’s Legacy In The Fight Against Climate Change,President Jimmy Carter's hidden legacy in the fight against climate change and how it is relevant today.,https://www.forbes.com/sites/marshallshepherd/2024/12/30/jimmy-carters-legacy-in-the-fight-against-climate-change/,https://imageio.forbes.com/specials-images/imageserve/6772ad832c7be2e7f91de37b/0x0.jpg?format=jpg&height=900&width=1600&fit=bounds,2024-12-30T15:36:19Z,"ISTANBUL, TURKEY - OCTOBER 31: (NO SALES) In this handout image provided by the Elders, Jimmy ... [+] Carter walks with his grandsons Jeremy Carter (R), 22, and Hugo Wentzel, 10 during a picnic event… [+7866 chars]"
"{'id': None, 'name': 'Project Syndicate'}",Eric Schmidt,"We Need Energy for AI, and AI for Energy","With AI systems’ energy usage set to skyrocket, securing sufficient access to electricity has become a top priority for many companies. But while the private sector is doing what it can to stay ahead of the curve, it will not succeed unless policymakers clear…",https://www.project-syndicate.org/magazine/massive-ai-energy-requirements-achievable-with-government-strategic-role-by-eric-schmidt-2024-12,https://webapi.project-syndicate.org/library/b531255e23c575c72d401487bcb92d0b.2-1-super.1.jpg,2024-12-16T00:05:00Z,"With AI systems energy usage set to skyrocket, securing sufficient access to electricity has become a top priority for many companies. But while the private sector is doing what it can to stay ahead … [+8076 chars]"
"{'id': None, 'name': 'EURACTIV'}",Brian Maguire,"Believe the nuclear fusion hype, this time fusion energy is for real [Advocacy Lab Content]","Nuclear fusion has achieved major advances. Euractiv spoke with Andrew Holland, CEO of the Fusion Industry Association, about when Europe can expect to see fusion energy becoming a commercial reality.
The post Believe the nuclear fusion hype, this time fusion…",https://www.euractiv.com/section/eet/interview/believe-the-nuclear-fusion-hype-this-time-fusion-energy-is-for-real/,https://www.euractiv.com/wp-content/uploads/sites/2/2024/12/2GettyImages-1322973512.jpg,2024-12-23T01:02:09Z,"This article is part of our special report Europe’s fusion energy vision requires more investment, commitment.
Nuclear fusion has been receiving a lot of attention because, unlike in previous decade… [+10254 chars]"
"{'id': None, 'name': 'Biztoc.com'}",euractiv.com,"Believe the nuclear fusion hype, this time fusion energy is for real [Advocacy Lab Content]","Nuclear fusion has achieved major advances. Euractiv spoke with Andrew Holland, CEO of the Fusion Industry Association, about when Europe can expect to see fusion energy becoming a commercial reality.
The post Believe the nuclear fusion hype, this time fusion…",https://biztoc.com/x/8bc336046f00cb1f,https://biztoc.com/cdn/808/og.png,2024-12-23T01:11:05Z,"Nuclear fusion has achieved major advances. Euractiv spoke with Andrew Holland, CEO of the Fusion Industry Association, about when Europe can expect to see fusion energy becoming a commercial reality… [+145 chars]"
"{'id': None, 'name': 'Space Daily'}",,Mystery of supra-thermal ions in fusion plasmas solved by advanced collision models,"Sydney, Australia (SPX) Jan 01, 2025


The pursuit of nuclear fusion as a clean and abundant energy source has made significant strides with the advent of inertial confinement fusion (ICF). This technology relies on compressing deuterium-tritium (DT) fuel to …",https://www.spacedaily.com/reports/Mystery_of_supra_thermal_ions_in_fusion_plasmas_solved_by_advanced_collision_models_999.html,https://www.spxdaily.com/images-hg/los-alamos-trident-200-trillion-watt-laser-high-energy-density-plasmas-fusion-hg.jpg,2025-01-02T06:40:22Z,"Mystery of supra-thermal ions in fusion plasmas solved by advanced collision modelsby Simon MansfieldSydney, Australia (SPX) Dec 31, 2024
The pursuit of nuclear fusion as a clean and abundant energy… [+3059 chars]"
"{'id': None, 'name': 'Science Daily'}",,Plasma heating efficiency in fusion devices boosted by metal screens,"Scientists have performed computer simulations confirming a technique that prevents the production of unhelpful electromagnetic waves, boosting the heat put into fusion plasma.",https://www.sciencedaily.com/releases/2024/12/241219151730.htm,https://www.sciencedaily.com/images/scidaily-icon.png,2024-12-19T20:17:30Z,"Heating plasma to the ultra-high temperatures needed for fusion reactions requires more than turning the dial on a thermostat. Scientists consider multiple methods, one of which involves injecting el… [+3820 chars]"
"{'id': None, 'name': 'Naturalnews.com'}",Willow Tohi,Fusion future: Virginia set to host worldâs first commercial fusion power plant,"Commonwealth Fusion Systems (CFS) plans to build the world’s first grid-scale commercial fusion power plant, ARC, in Chesterfield County, Virginia, delivering 400 megawatts of clean, carbon-free electricity by the early 2030s. ARC will use advanced fusion tec…",https://www.naturalnews.com/2024-12-21-virginia-to-host-first-commercial-fusion-power-plant.html,https://www.naturalnews.com/wp-content/uploads/sites/91/2024/12/cold-hot-fusion-thumb2.jpg,2024-12-21T06:00:00Z,"<ul><li>Commonwealth Fusion Systems (CFS) plans to build the worlds first grid-scale commercial fusion power plant, ARC, in Chesterfield County, Virginia, delivering 400 megawatts of clean, carbon-fr… [+6509 chars]"
"{'id': None, 'name': 'Yahoo Entertainment'}",Aaron Mok,Scientists develop 'sustainable shield' tech on quest to harness limitless energy source: '[It] could play a vital role in the future',This breakthrough could revolutionize the future of clean energy.,https://www.yahoo.com/tech/scientists-develop-sustainable-shield-tech-110028825.html,https://s.yimg.com/ny/api/res/1.2/BELtkem284gKc17KEeHzcA--/YXBwaWQ9aGlnaGxhbmRlcjt3PTEyMDA7aD02NzU-/https://media.zenfs.com/en/the_cool_down_737/9089bfd93c3fe443052b31ad565fbe10,2025-01-03T11:00:28Z,"Yahoo is using AI to generate takeaways from this article. This means the info may not always match what's in the article. Reporting mistakes helps us improve the experience.Generate Key Takeaways
R… [+3660 chars]"
"{'id': None, 'name': 'Creative Boom'}",Abbey Bamford,Among Equals designs NASA inspired brand for futuristic energy programme,"While brands in the fusion space are already falling into stereotypes, STEP is standing out from the crowd with a colour palette inspired by the synthetic image of future plasma.

Among Equals is b...",https://www.creativeboom.com/news/among-equals-designs-nasa-inspired-brand-for-futuristic-energy-programme/,https://www.creativeboom.com/upload/articles/95/95eb6ad80d81d48e83dd3e8382b2e66c8afb7fb2_800.jpg,2025-01-09T07:15:00Z,"Among Equals is behind the identity for new UK energy programme STEP, designed to position the brand as ambitious as NASA's Apollo missions. 
As a brand-new government-backed organisation, STEP (Sph… [+6232 chars]"
"{'id': None, 'name': 'ComicBook.com'}",Marc Deschamps,Pokemon Go Tour: Unova Adding More Pokemon Fusions,"Pokemon Go Tour: Unova will kick off next month, and will put a big focus on content from Pokemon Black and White, as well as their numbered sequels. Today, Niantic announced that one of the big hooks of Pokemon Black 2 and White 2 will be carried over to Pok…",http://comicbook.com/gaming/news/pokemon-go-tour-unova-adding-more-pokemon-fusions/,"https://comicbook.com/wp-content/uploads/sites/4/2025/01/Pokemon-Go-Kyurem.jpg?resize=2000,1125",2025-01-08T18:08:40Z,"Pokemon Go Tour: Unova will kick off next month, and will put a big focus on content from Pokemon Black and White, as well as their numbered sequels. Today, Niantic announced that one of the big hook… [+3168 chars]"
"{'id': None, 'name': 'Biztoc.com'}",bizjournals.com,After clean energy breakthrough this CEO is making a power play,"Fusion energy is the E=MC² reaction, says Scott Mercer, CEO of Focused Energy. ""It does take a fairly serious amount of capital to do this, but if you get it right, this is one of the technologies that could be one of most valuable industries in the history o…",https://biztoc.com/x/7b1ce8e6c014e312,https://biztoc.com/cdn/7b1ce8e6c014e312_s.webp,2024-12-19T22:27:59Z,"Fusion energy is the E=MC² reaction, says Scott Mercer, CEO of Focused Energy. ""It does take a fairly serious amount of capital to do this, but if you get it right, this is one of the technologies th… [+134 chars]"
"{'id': None, 'name': 'Naturalnews.com'}",Laura Harris,CFS to build world’s first grid-scale nuclear fusion power plant in Virginia,"Commonwealth Fusion Systems (CFS) is set to build the world’s first grid-scale commercial nuclear fusion power plant in Virginia, located in Chesterfield County. The project will generate 400 megawatts of electricity, enough to power 150,000 homes, and will u…",https://www.naturalnews.com/2025-01-03-cfs-to-build-nuclear-fusion-power-plant-virginia.html,https://www.naturalnews.com/wp-content/uploads/sites/91/2025/01/Nuclear-Power-Plant-Energy-Radiation-Land-Water.jpg,2025-01-03T06:00:00Z,"<ul><li>Commonwealth Fusion Systems (CFS) is set to build the world's first grid-scale commercial nuclear fusion power plant in Virginia, located in Chesterfield County.</li><li>The project will gene… [+4688 chars]"
"{'id': None, 'name': 'Tech Xplore'}","George R. Tynan, Farhat Beg","Nuclear fusion could one day be a viable clean energy source, but big engineering challenges stand in the way","The way scientists think about fusion changed forever in 2022, when what some called the experiment of the century demonstrated for the first time that fusion can be a viable source of clean energy.",https://techxplore.com/news/2025-01-nuclear-fusion-day-viable-energy.html,https://scx2.b-cdn.net/gfx/news/2025/nuclear-fusion-could-o.jpg,2025-01-08T17:35:05Z,"The way scientists think about fusion changed forever in 2022, when what some called the experiment of the century demonstrated for the first time that fusion can be a viable source of clean energy.… [+6780 chars]"
"{'id': None, 'name': 'Aps.org'}",,Highlights of the Year,"Physics Magazine Editors pick their favorite stories from 2024.[Physics 17, 181] Published Mon Dec 16, 2024",https://physics.aps.org/articles/v17/181,https://physics.aps.org/assets/0636d9e2-605f-4b9d-acef-3a89368eea73/e181_1_thumb.png,2024-12-16T10:00:00Z,The past year abounded in news from a wide range of scales—from the mechanical detection of single-particle decays in a microscopic bead up to the discovery of surprisingly mature galaxies in the ear… [+6718 chars]
"{'id': 'newsweek', 'name': 'Newsweek'}",Tom Howarth,World's First Nuclear Fusion Power Plant Being Built in Virginia,"A company aims to bring a nuclear fusion plant online in the early 2030s, but the path to this breakthrough is anything but easy.",https://www.newsweek.com/nuclear-fusion-power-plant-virginia-mit-world-first-cfs-2003430,https://d.newsweek.com/en/full/2547887/nuclear-fusion-reactor-tokamak.jpg,2024-12-19T12:54:25Z,"What's New
Commonwealth Fusion Systems (CFS), a spinout from Massachusetts Institute of Technology, announced plans on Tuesday to build the world's first grid-scale commercial nuclear fusion power p… [+6160 chars]"
"{'id': None, 'name': 'Interesting Engineering'}",Aman Tripathi,US scientist proposes ‘tungsten shotgun’ to enhance fusion reactor stability,"Scientists at Los Alamos National Laboratory have developed a ""tungsten shotgun"" to neutralize runaway electrons in fusion reactors.",https://interestingengineering.com/energy/tungsten-shotgun-for-fusion-reactor-stability,https://media.zenfs.com/en/interesting_engineering_646/5fca2d9dbd77c655ebab47698aade06d,2024-12-29T11:42:59Z,"Yahoo is using AI to generate takeaways from this article. This means the info may not always match what's in the article. Reporting mistakes helps us improve the experience.Generate Key Takeaways
R… [+3359 chars]"
"{'id': None, 'name': 'OilPrice.com'}",OilPrice.com,Fusion Energy Breakthrough: Virginia to Host Landmark Power Plant,"Nuclear adoption continues accelerating, and now Virginia sure thinks it has found the way to ""clean energy, billions in investment, and a solution to surging power demand"". The state is going to host the world's first fusion power plant, according to the Vir…",https://oilprice.com/Alternative-Energy/Nuclear-Power/Fusion-Energy-Breakthrough-Virginia-to-Host-Landmark-Power-Plant.html,https://d32r1sh890xpii.cloudfront.net/article/718x300/2024-12-20_ndbuxsipxh.jpg,2024-12-21T18:00:00Z,"Small Modular Reactors (SMRs) are…
Japan's restart of the Shimane…
However, nuclear energy stocks have…
By ZeroHedge - Dec 21, 2024, 12:00 PM CSTNuclear adoption continues accelerating, and now Vi… [+3044 chars]"
"{'id': None, 'name': 'GoNintendo'}",rawmeatcowboy,Black/White Kyurem to make Pokémon GO debuts during Pokemon GO Tour: Unova,A black-and-white decision,https://gonintendo.com/contents/44345-black-white-kyurem-to-make-pokemon-go-debuts-during-pokemon-go-tour-unova,https://gonintendo.com/attachments/image/59531/file/medium-c653f578dcb82f466ede6188ca58aa7f.png,2025-01-08T18:08:00Z,Niantic has revealed that Black Kyurem and White Kyurem will be coming to Pokémon GO for the first time as part of Pokémon GO Tour: Unova. Trainers attending the events in Los Angeles and New Taipei … [+878 chars]
"{'id': None, 'name': 'Freerepublic.com'}",CNBC TV,Powering up Virginia: World's first grid-scale commercial fusion power plant,"Bob Mumgaard, Commonwealth Fusion Systems CEO and Virginia Governor Glenn Youngkin join 'Squawk Box' to discuss a multi-billion dollar investment for the world's first grid-scale commercial fusion power plant in Virginia, what fusion energy is, and more. For …",https://freerepublic.com/focus/f-news/4285927/posts,,2024-12-22T17:20:29Z,"Skip to comments.
Powering up Virginia: World's first grid-scale commercial fusion power plantCNBC TV ^
 | 12/18/2022
 | CNBCTV
Posted on 12/22/2024 9:20:29 AM PST by MagillaX
Bob Mumgaard, Comm… [+1104 chars]"
"{'id': None, 'name': 'GlobeNewswire'}",Canadian Nuclear Laboratories,"Canadian Nuclear Laboratories and Karlsruhe Institute of Technology to Collaborate on Fusion, Materials and Hydrogen Science & Technology","CHALK RIVER, Ontario, Dec. 20, 2024 (GLOBE NEWSWIRE) -- Canadian Nuclear Laboratories (CNL), Canada’s premier nuclear science and technology organization, is pleased to announce that it has signed an agreement with the Karlsruhe Institute of Technology (KIT),…",https://www.globenewswire.com/news-release/2024/12/20/3000738/0/en/Canadian-Nuclear-Laboratories-and-Karlsruhe-Institute-of-Technology-to-Collaborate-on-Fusion-Materials-and-Hydrogen-Science-Technology.html,https://ml.globenewswire.com/Resource/Download/19a82339-5946-4682-ac30-8d73f3cc6e72,2024-12-20T16:30:00Z,"CHALK RIVER, Ontario, Dec. 20, 2024 (GLOBE NEWSWIRE) -- Canadian Nuclear Laboratories (CNL), Canadas premier nuclear science and technology organization, is pleased to announce that it has signed an … [+6792 chars]"
"{'id': None, 'name': 'Thairath.co.th'}",Thairath,มนุษย์ตั้งแต่ พ.ศ.2568 เป็นต้นไป,ควอนตัมฟิสิกส์จะเปลี่ยนแปลงโลก ทั้งด้านเทคโนโลยี การแพทย์ พลังงาน ตลอดจนความเข้าใจในวิศวจักรวาล คอมพิวเตอร์ควอนตัมสามารถประมวลผลปัญหาที่ซับซ้อนเกินกว่าคอมพิวเตอร์ทั่วไป ไม่ว่าจะเป็นการจำลองโมเลกุล การเข้ารหัสข้อมูล รวมทั้งการเพิ่มประสิทธิภาพในกระบวนการอุตสาหก…,https://www.thairath.co.th/news/foreign/2833823,https://static.thairath.co.th/media/dFQROr7oWzulq5Fa6rMjLYrMgjoIEu14toeMqCjJvKGi0pG0S4EClgX9FZ11VcMsrtG.jpg,2024-12-31T22:00:00Z,"2. 
3. 
4. MRI PET 
5. 
6. Quantum Entanglement 
7. 
8. Theory of Everthing 
9. 
10. 21 100 CRISPR 
11. 122 120 150 
12. Aging Reversal Biological Age 
13. mRNA () ..2568 mRNA 
14. ..2568… [+126 chars]"
"{'id': None, 'name': 'The Conversation Africa'}","Valerie Thomas, Professor of Industrial Engineering, Georgia Institute of Technology, Margaret E. Kosal, Associate Professor of International Affairs, Georgia Institute of Technology",From watts to warheads: Secretary of energy oversees big science research and the US nuclear arsenal,"The Energy Department has a dual mission with a heavy science focus and manages large, expensive programs, many of which are behind schedule and over budget.",https://theconversation.com/from-watts-to-warheads-secretary-of-energy-oversees-big-science-research-and-the-us-nuclear-arsenal-245993,https://images.theconversation.com/files/641759/original/file-20250110-15-d9snhi.jpeg?ixlib=rb-4.1.0&rect=0%2C977%2C6038%2C3014&q=45&auto=format&w=1356&h=668&fit=crop,2025-01-12T13:33:53Z,"The Energy Department recently finished modernizing the B61-12 nuclear bomb, extending its service life by at least 20 years. Devan Halstead, U.S. Air Force
The U.S. Department of Energy was created… [+9687 chars]"
"{'id': None, 'name': 'Freerepublic.com'}",The Cool Down,Scientists develop 'sustainable shield' tech on quest to harness limitless energy source: '[It] could play a vital role in the future',"This breakthrough could revolutionize the future of clean energy. Researchers in Japan made a groundbreaking discovery that could bring us closer to sustainable energy from nuclear fusion reactors, paving the way for longer-lasting, more efficient clean energ…",https://freerepublic.com/focus/f-chat/4287885/posts,,2025-01-03T15:52:47Z,"Skip to comments.
Scientists develop 'sustainable shield' tech on quest to harness limitless energy source: '[It] could play a vital role in the future'The Cool Down ^
 | January 03, 2025
 | Aaron… [+5853 chars]"
"{'id': None, 'name': 'Lesswrong.com'}",xpostah,World models I'm currently building,"Published on December 30, 2024 8:26 AM GMT2024-12-26 This doc is a mix of existing world models I have and holes in said models. I'm trying to fill some of these holes. The doc is not very well organised relative to how organised a doc I could produce if need…",https://www.lesswrong.com/posts/9fcawZGe4QJCRin7k/world-models-i-m-currently-building-1,https://res.cloudinary.com/lesswrong-2-0/image/upload/v1654295382/new_mississippi_river_fjdmww.jpg,2024-12-30T08:26:17Z,"2024-12-26
This doc is a mix of existing world models I have and holes in said models. I'm trying to fill some of these holes. The doc is not very well organised relative to how organised a doc I co… [+30498 chars]"
"{'id': 'business-insider', 'name': 'Business Insider'}",lmaidan@businessinsider.com (Laila Maidan),Investing legend Jeremy Grantham braces for 'cataclysmic declines' in stocks and shares a strategy for 'bonanza payoffs',"Investors should seek investments in these key areas including fertility and green tech, Grantham said.",https://www.businessinsider.com/jeremy-grantham-investing-strategy-bonanza-payoffs-stock-market-crash-2025-1,https://i.insider.com/677d724bf83fcec7e5b4df1b?width=849&format=jpeg,2025-01-08T17:23:54Z,"While veteran investor Jeremy Grantham hasn't been running a portfolio for 15 years, he still monitors major themes that he thinks are important long-term and yet underrated. It's a task, he says, th… [+4818 chars]"
"{'id': 'financial-post', 'name': 'Financial Post'}",GlobeNewswire,"Canadian Nuclear Laboratories and Karlsruhe Institute of Technology to Collaborate on Fusion, Materials and Hydrogen Science & Technology","CHALK RIVER, Ontario, Dec. 20, 2024 (GLOBE NEWSWIRE) — Canadian Nuclear Laboratories (CNL), Canada’s premier nuclear science and technology organization, is pleased to announce that it has signed an agreement with the Karlsruhe Institute of Technology (KIT), …",https://financialpost.com/globe-newswire/canadian-nuclear-laboratories-and-karlsruhe-institute-of-technology-to-collaborate-on-fusion-materials-and-hydrogen-science-technology,https://smartcdn.gprod.postmedia.digital/financialpost/wp-content/uploads/2024/12/canadian-nuclear-laboratories-and-karlsruhe-institute-of-tec.jpeg,2024-12-20T16:31:11Z,"Author of the article:
Dr. Darren Radford, Dr. Steve Bushby and Dr. Ian Castillo from Canadian Nuclear Laboratories meet with Dr. Klaus Hesch from KIT during his recent visit to the Chalk River Labo… [+9887 chars]"
"{'id': None, 'name': 'Maths.org'}",Rachel Thomas,Mixing it up,"Researchers from different fields came together to improve our understanding of anti-diffusion, the process behind the distinct bands of Jupiter, that also plays a role in our oceans and in developing plasma fusion reactors.",https://plus.maths.org/content/mixing-it,https://plus.maths.org/content/sites/plus.maths.org/files/styles/social_sharing/public/2025-01/Adobe_coffee_web.png?itok=BbfLrAk5,2025-01-07T14:26:43Z,"It's time for a coffee break. You make the coffee, pour in the milk and give it a stir. But rather than mixing in, the milk forms into a creamy ribbon circling the cup. Your coffee break has been thw… [+10744 chars]"
"{'id': None, 'name': 'Mit.edu'}",Zach Winn | MIT News,MIT spinout Commonwealth Fusion Systems unveils plans for the world’s first fusion power plant,"MIT spinout Commonwealth Fusion Systems has announced plans to build the world’s first grid-scale fusion power plant in Chesterfield County, Virginia.",https://news.mit.edu/2024/commonwealth-fusion-systems-unveils-worlds-first-fusion-power-plant-1217,https://news.mit.edu/sites/default/files/images/202412/MIT_Fusion-01-PRESS.jpg,2024-12-17T19:00:00Z,"America is one step closer to tapping into a new and potentially limitless clean energy source today, with the announcement from MIT spinout Commonwealth Fusion Systems (CFS) that it plans to build t… [+5315 chars]"
"{'id': None, 'name': 'Freerepublic.com'}",CNBC (Business News),"Nvidia's Jensen Huang is ""dead wrong"" about quantum computers, D-Wave CEO says",Shares of D-Wave Quantum [down 36%] and its peers plunged Wednesday after Nvidia [AI chips] CEO Jensen Huang suggested that quantum computers are decades away...D-Wave CEO Alan Baratz told CNBC...that his company has big paying clients today.,https://freerepublic.com/focus/f-chat/4289067/posts,,2025-01-09T20:55:18Z,"Skip to comments.
Nvidia's Jensen Huang is ""dead wrong"" about quantum computers, D-Wave CEO saysCNBC (Business News) ^
 | 08 January 2025
 | Kif Leswing
Posted on 01/09/2025 12:55:18 PM PST by ze… [+3311 chars]"
"{'id': 'the-times-of-india', 'name': 'The Times of India'}",Nirmal John,Mission fusion: 3 Indian startups working on clean and unlimited energy through nuclear fusion,"Indian startups Pranos, Anubal Fusion, and Hylenr are advancing efforts in nuclear fusion by exploring different technological methods. These companies aim to overcome engineering challenges, supported by increased computational power and investor interest, w…",https://economictimes.indiatimes.com/industry/renewables/mission-fusion-3-indian-startups-working-on-clean-and-unlimited-energy-through-nuclear-fusion/articleshow/117154649.cms,"https://img.etimg.com/thumb/msid-117154689,width-1200,height-630,imgsize-53798,overlay-economictimes/articleshow.jpg",2025-01-11T16:55:48Z,Shaurya Kaushals eyes light up when he talks about nuclear fusion. The 31-year-old computational physicist with a PhD in computational fluid dynamics and a bachelors degree in mechanical engineering … [+9156 chars]
"{'id': None, 'name': 'Blog.sme.sk'}","Petit Press, a.s.",Jadrová energia a energetika v roku 2024.,Jadrová energia v dnešnom svete.,https://blog.sme.sk/nanias/veda-a-technika/jadrova-energia-a-energetika-v-roku-2024,https://image.smedata.sk/image/w450-h300/e4b7d77a-2de0-431d-9bac-8d396344801c.jpg,2025-01-06T12:44:08Z,"Prvé komerné jadrové elektrárne spustili prevádzku v 50. rokoch 20. storoia.
Jadrová energia v súasnosti zabezpeuje pribline 9 % svetovej elektriny z pribline 440 energetických reaktorov.
Jadrová e… [+18856 chars]"
"{'id': 'financial-post', 'name': 'Financial Post'}",Bloomberg News,"UK CEOs Pick AI, Housing and Space Mines as Some of 2025’s Biggest Themes","It’s been a busy 2024: Donald Trump got elected again, interest rates eased and geopolitical tensions intensified. As the new year approaches, Bloomberg News spoke to a dozen British chief executive officers about what to look out for in 2025. With insights f…",https://financialpost.com/pmn/business-pmn/uk-ceos-pick-ai-housing-and-space-mines-as-some-of-2025s-biggest-themes,https://smartcdn.gprod.postmedia.digital/financialpost/wp-content/uploads/2024/12/the-number-of-new-homes-under-construction-in-britain-collap.jpg,2024-12-20T08:25:14Z,"Its been a busy 2024: Donald Trump got elected again, interest rates eased and geopolitical tensions intensified. As the new year approaches, Bloomberg News spoke to a dozen British chief executive o… [+8700 chars]"
"{'id': None, 'name': 'Rigzone'}",Jov Onsat,"US, South Korea Finalize Agreement on Civil Nuclear Cooperation",Seoul and Washington  finalized an agreement on civil nuclear energy cooperation and principles concerning nuclear exports.,https://www.rigzone.com/news/us_south_korea_finalize_agreement_on_civil_nuclear_cooperation-09-jan-2025-179259-article/,https://images.rigzone.com/images/news/articles/US-South-Korea-Finalize-Agreement-on-Civil-Nuclear-Cooperation-179259-1200x628.png,2025-01-09T14:30:03Z,"Seoul and Washington on Wednesday finalized an agreement on civil nuclear energy cooperation and principles concerning nuclear exports.
The Memorandum of Understanding on Principles Concerning Nucle… [+2974 chars]"
"{'id': None, 'name': 'Futurism'}",Victor Tangermann,"Company Announces Construction of ""Grid-Scale"" Fusion Power Plant","Energy startup Commonwealth Fusion Systems has announced that it will begin construction of the ""world's first grid-scale"" nuclear fusion power plant near Richmond, Virginia. The MIT spinout announced that it was ""one step closer"" to making fusion energy — fu…",https://futurism.com/construction-grid-scale-fusion-power-plant,https://wordpress-assets.futurism.com/2024/12/company-announces-construction-of-grid-scale-fusion-power-plant.jpg,2024-12-20T18:12:03Z,"Energy startup Commonwealth Fusion Systems has announced that it will begin construction of the ""world's first grid-scale"" nuclear fusion power plant near Richmond, Virginia.
The MIT spinout announc… [+3507 chars]"
"{'id': None, 'name': 'Www.gov.uk'}",UK Atomic Energy Authority,Press release: Fusion-grade steel produced at scale in UK-first,Researchers achieve 10x production cost savings for reduced activation steel,https://www.gov.uk/government/news/fusion-grade-steel-produced-at-scale-in-uk-first,https://assets.publishing.service.gov.uk/media/677fd1a86f01ae28ab5c056a/s960_NEURONE_project_billet_leaving_the_caster_and_entering_the_product_straightener.jpg,2025-01-09T16:01:06Z,"A United Kingdom Atomic Energy Authority (UKAEA) working group has successfully demonstrated the industrial scale production of fusion-grade steel.
This achievement has the potential to reduce produ… [+4383 chars]"
"{'id': None, 'name': 'Www.gov.uk'}",UK Atomic Energy Authority,Press release: JET’s final deuterium-tritium results revealed one year on,"One year after the conclusion of JET's final scientific experiments, crucial findings are emerging that will help advance future fusion machines.",https://www.gov.uk/government/news/jets-final-deuterium-tritium-results-revealed-one-year-on,https://assets.publishing.service.gov.uk/media/675c6c8fb745d5f7a053ef3e/s960_JET_interior_with_superimposed_plasma__1_.jpg,2024-12-16T12:50:37Z,"One year after the conclusion of the Joint European Torus (JET)s final scientific experiments, crucial findings are emerging that will play a key role in advancing future fusion machines.
These find… [+5065 chars]"
"{'id': None, 'name': 'Freerepublic.com'}",The Debrief,"Researchers Unlock Fusion Mysteries with Novel Plasma Modeling, Propelling Nuclear Fusion Closer to Reality","Chinese researchers say that recent advancements in the burgeoning field of inertial confinement fusion are bringing us one step closer to making accessible nuclear fusion a reality. The new findings, which incorporate innovative new modeling approaches, coul…",https://freerepublic.com/focus/f-chat/4288570/posts,,2025-01-07T16:57:11Z,"Skip to comments.
Researchers Unlock Fusion Mysteries with Novel Plasma Modeling, Propelling Nuclear Fusion Closer to RealityThe Debrief ^
 | January 06, 2025
 | Micah Hanks
Posted on 01/07/2025 … [+10108 chars]"
"{'id': 'focus', 'name': 'Focus'}",Von FOCUS-online-Redakteur Florian Reiter,„Eher ein Lückenfüller“ - Warum selbst die Kernfusion keine Chance gegen Solar und Wind hat,"Die Energieform der Zukunft: Werden Windkraft und Solarenergie überflüssig, sobald die Menschheit die Kernfusion gemeistert hat? Eine Studie des Bundestags tritt jetzt auf die Bremse. Und auch führende deutsche Fusions-Experten sagen: Die Technik wird Solar u…",https://www.focus.de/earth/analyse/warum-selbst-die-kernfusion-keine-chance-hat-gegen-solar-und-wind_id_260618450.html,https://p6.focus.de/img/fotos/id_260620085/gettyimages-1402264241.jpg?im=Crop%3D%280%2C182%2C3651%2C1825%29%3BResize%3D%281200%2C627%29&impolicy=perceptual&quality=mediumHigh&hash=a7a1f27c37e428ec503e49416807a084de5fab25e113d4eed25abd17d42d1ed3,2025-01-09T10:37:09Z,"Die Energieform der Zukunft: Werden Windkraft und Solarenergie überflüssig, sobald die Menschheit die Kernfusion gemeistert hat? Eine Studie des Bundestags tritt jetzt auf die Bremse. Und auch führen… [+8343 chars]"
"{'id': None, 'name': 'Richmond.com'}",DAVE RESS Richmond Times-Dispatch,Massachusetts firm plans nuclear fusion plant in Chesterfield,A Massachusetts firm that’s developing a demonstration model to produce energy by nuclear fusion says it will build the world’s first commercial fusion plant in Chesterfield County.,https://richmond.com/news/state-regional/government-politics/virginia-chesterfield-nuclear-fusion-youngkin-commonwealth-fusion-systems/article_1bb95a9c-bcb3-11ef-8ca5-6f9581e16f26.html,https://bloximages.newyork1.vip.townnews.com/richmond.com/content/tncms/assets/v3/editorial/1/bb/1bb95a9c-bcb3-11ef-8ca5-6f9581e16f26/6761e04c77760.preview.jpg?crop=1840%2C966%2C152%2C0&resize=1200%2C630&order=crop%2Cresize,2024-12-17T23:19:00Z,"A Massachusetts firm thats developing a demonstration model to show it can produce energy by nuclear fusion plans to build the worlds first commercial nuclear fusion plant in Chesterfield County, wit… [+16455 chars]"
"{'id': 'fox-news', 'name': 'Fox News'}",Danielle Wallace,Trump Energy Sec pick to share American 'energy dominance' vision at confirmation hearing: 'Agent for change',"Liberty Energy CEO Chris Wright, Trump's energy secretary nominee, is to outline his vision for American ""energy dominance"" at Senate confirmation hearing.",https://www.foxnews.com/politics/trump-energy-sec-pick-share-american-energy-dominance-visition-confirmation-hearing-agent-for-change,https://static.foxnews.com/foxnews.com/content/uploads/2025/01/gettyimages-906172384.jpg,2025-01-15T13:02:34Z,"Chris Wright, President-elect Trump's nominee to lead the U.S. Department of Energy, is planning to tell senators in charge of his confirmation that he will focus on restoring American ""energy domina… [+4933 chars]"
"{'id': None, 'name': 'Www.gov.uk'}","Department for Science, Innovation and Technology",Press release: Prime Minister sets out blueprint to turbocharge AI,"Artificial intelligence will deliver a decade of national renewal, as part of a new plan announced today (13 January 2025).",https://www.gov.uk/government/news/prime-minister-sets-out-blueprint-to-turbocharge-ai,https://assets.publishing.service.gov.uk/media/6783a66b61e7988536018463/s960_AIOAP_govuk_ud.png,2025-01-12T22:30:02Z,"<ul><li>AI to drive the Plan for Change, helping turbocharge growth and boost living standards</li><li>public sector to spend less time doing admin and more time delivering the services working peopl… [+16039 chars]"
"{'id': None, 'name': 'PCMag.com'}",Michael Kan,Inside the World's Fastest Supercomputer and Its Mission to Test Nuclear Weapons,"We go inside Lawrence Livermore National Laboratory for a rare look at the El Capitan supercomputer, which is slated to begin nuclear weapons research in March.
The moment I entered the room, I heard the buzz. It was filled with fans, cooling systems, and ele…",https://uk.pcmag.com/computers-electronics/156224/inside-the-worlds-fastest-supercomputer-and-its-mission-to-test-nuclear-weapons,https://sm.pcmag.com/t/pcmag_uk/news/i/inside-the/inside-the-worlds-fastest-supercomputer-and-its-mission-to-t_zhu9.1200.jpg,2025-01-10T20:06:56Z,"The moment I entered the room, I heard the buzz. It was filled with fans, cooling systems, and electrical equipment dedicated to serving a giant machine with 11 million computing cores. 
This week, … [+6220 chars]"
"{'id': None, 'name': 'PCMag.com'}",Michael Kan,Inside the World's Fastest Supercomputer and Its Mission to Test Nuclear Weapons,"We go inside Lawrence Livermore National Laboratory for a rare look at the El Capitan supercomputer, which is slated to begin nuclear weapons research in March.
The moment I entered the room, I heard the buzz. It was filled with fans, cooling systems, and ele…",https://me.pcmag.com/en/computers-electronics/27876/inside-the-worlds-fastest-supercomputer-and-its-mission-to-test-nuclear-weapons,https://sm.pcmag.com/t/pcmag_me/news/i/inside-the/inside-the-worlds-fastest-supercomputer-and-its-mission-to-t_pws6.1200.jpg,2025-01-10T20:06:56Z,"The moment I entered the room, I heard the buzz. It was filled with fans, cooling systems, and electrical equipment dedicated to serving a giant machine with 11 million computing cores. 
This week, … [+6220 chars]"
"{'id': None, 'name': 'Fauquier Now'}",Charlie Paullin,Virginia to host world’s first fusion power plant,"Virginia could soon make history as the home of the world’s first nuclear fusion power plant, state officials and private sector leaders announced Tuesday.",https://www.fauquiernow.com/news/business/virginia-to-host-world-s-first-fusion-power-plant/article_72034fb6-c00a-11ef-b3f0-6b4c0b92c8e8.html,https://bloximages.newyork1.vip.townnews.com/fauquiernow.com/content/tncms/assets/v3/editorial/d/e9/de9d13be-c00a-11ef-bf86-2f08c31544cf/676776dc0a87c.image.jpg?crop=1536%2C806%2C0%2C28&resize=1200%2C630&order=crop%2Cresize,2024-12-22T03:10:30Z,"Virginia could soon make history as the home of the worlds first nuclear fusion power plant, state officials and private sector leaders announced Tuesday.
Commonwealth Fusion Systems, or CFS, a fusi… [+6900 chars]"
"{'id': 'abc-news', 'name': 'ABC News'}",Matthew Glasser,Scientists were shocked by how warm it was in 2023. The following year was even hotter,Scientists were shocked by how warm it was in 2023. The following year was even hottergo.com,https://abcnews.go.com/International/scientists-shocked-warm-2023-year-hotter/story?id=117417919,https://i.abcnewsfe.com/a/2525bb78-e117-4d73-bad6-aa00fa406daa/heat-misters-ap-jef-250107_1736281504050_hpMain_16x9.jpg?w=1600,2025-01-10T03:02:00Z,"How warm was 2024? By March, just three months into the year, NOAA had already estimated a 55% chance that 2024 would be the warmest year on record for the planet. By July, they gave it a 77% chance.… [+12567 chars]"
